[  
	{
		"divisão": {
			"id": "201",
			"tipo": "quarto"
		},
		"temperatura": "38º",
		"pessoa": {
			"id": "273",
			"tipo": "cliente"
		},
		"data":"2020/06/28",
		"hora":"14:20"
	},
	{
		"divisão": {
			"id": "201",
			"tipo": "quarto"
		},
		"temperatura": "38.2º",
		"pessoa": {
			"id": "273",
			"tipo": "cliente"
		},
		"data":"2020/06/28",
		"hora":"15:31"
	},
	{
		"divisão": {
			"id": "Restaurante Asiático",
			"tipo": "restaurante"
		},
		"temperatura": "36.2º",
		"pessoa": {
			"id": "234",
			"tipo": "cliente"
		},
		"data":"2020/06/29",
		"hora":"11:00"
	},
	{
		"divisão": {
			"id": "Entrada do Hotel",
			"tipo": "zona comum"
		},
		"temperatura": "37.2º",
		"pessoa": {
			"id": "188",
			"tipo": "funcionario",
			"cargo": "Equipa de Manutenção"
		},
		"data":"2020/06/29",
		"hora":"17:12"
	},
	{
		"divisão": {
			"id": "Entrada do Hotel",
			"tipo": "zona comum"
		},
		"temperatura": "37.2º",
		"pessoa": "desconhecido",
		"data":"2020/06/29",
		"hora":"17:12"
	}
]