<?xml version="1.0" encoding="UTF-8"?>
<project-private xmlns="http://www.netbeans.org/ns/project-private/1">
    <editor-bookmarks xmlns="http://www.netbeans.org/ns/editor-bookmarks/2" lastBookmarkId="0"/>
    <open-files xmlns="http://www.netbeans.org/ns/projectui-open-files/2">
        <group>
            <file>file:/C:/Users/PC/Documents/GitHub/Java/UPDATE/Exame_FINAL/src/Exame_FINAL/Exceptions/ManagerException.java</file>
            <file>file:/C:/Users/PC/Documents/GitHub/Java/UPDATE/Exame_FINAL/src/Exame_FINAL/Classes/EventManager_.java</file>
            <file>file:/C:/Users/PC/Documents/GitHub/Java/UPDATE/Exame_FINAL/src/Exame_FINAL/Classes/Failure_.java</file>
            <file>file:/C:/Users/PC/Documents/GitHub/Java/UPDATE/Exame_FINAL/src/Exame_FINAL/Classes/Manager.java</file>
            <file>file:/C:/Users/PC/Documents/GitHub/Java/UPDATE/Exame_FINAL/src/Exame_FINAL/Interface/IManager.java</file>
            <file>file:/C:/Users/PC/Documents/GitHub/Java/UPDATE/Exame_FINAL/src/Exame_FINAL/Classes/Notifier_.java</file>
            <file>file:/C:/Users/PC/Documents/GitHub/Java/UPDATE/Exame_FINAL/src/Exame_FINAL/main/JavaApplication10.java</file>
            <file>file:/C:/Users/PC/Documents/GitHub/Java/UPDATE/Exame_FINAL/src/Exame_FINAL/Classes/Team_.java</file>
            <file>file:/C:/Users/PC/Documents/GitHub/Java/UPDATE/Exame_FINAL/src/Exame_FINAL/Classes/ConstructionSite_.java</file>
            <file>file:/C:/Users/PC/Documents/GitHub/Java/UPDATE/Exame_FINAL/src/Exame_FINAL/Classes/Accident_.java</file>
            <file>file:/C:/Users/PC/Documents/GitHub/Java/UPDATE/Exame_FINAL/src/Exame_FINAL/Classes/Incident_.java</file>
        </group>
    </open-files>
</project-private>
